<?xml version="1.0" encoding="UTF-8"?>
<project-private xmlns="http://www.netbeans.org/ns/project-private/1">
    <editor-bookmarks xmlns="http://www.netbeans.org/ns/editor-bookmarks/2" lastBookmarkId="0"/>
    <open-files xmlns="http://www.netbeans.org/ns/projectui-open-files/2">
        <group>
            <file>file:/C:/Users/na/Documents/NetBeansProjects/studycafe/web/reserve.jsp</file>
            <file>file:/C:/Users/na/Documents/NetBeansProjects/studycafe/web/sale.jsp</file>
            <file>file:/C:/Users/na/Documents/NetBeansProjects/studycafe/web/index.jsp</file>
            <file>file:/C:/Users/na/Documents/NetBeansProjects/studycafe/web/rent.jsp</file>
            <file>file:/C:/Users/na/Documents/NetBeansProjects/studycafe/web/use.jsp</file>
            <file>file:/C:/Users/na/Documents/NetBeansProjects/studycafe/web/main.jsp</file>
        </group>
    </open-files>
</project-private>
